{"cameraMode":{"drawMode":0,"name":"Shaded","section":"Shading Mode"},"sceneLighting":false,"audioPlay":false,"sceneViewState":{"m_AlwaysRefresh":false,"showFog":true,"showSkybox":false,"showFlares":true,"showImageEffects":true,"showParticleSystems":true,"showVisualEffectGraphs":true,"m_FxEnabled":true},"in2DMode":false,"pivot":{"x":-0.15723125636577607,"y":0.5807832479476929,"z":-2.4551665782928469},"rotation":{"x":-0.05426155775785446,"y":-0.942371129989624,"z":0.27088046073913576,"w":-0.1887781023979187},"size":0.4667196571826935,"orthographic":false}